{"cameraMode":{"drawMode":0,"name":"Shaded","section":"Shading Mode"},"sceneLighting":true,"audioPlay":false,"sceneViewState":{"m_AlwaysRefresh":false,"showFog":true,"showSkybox":false,"showFlares":true,"showImageEffects":true,"showParticleSystems":true,"showVisualEffectGraphs":true,"m_FxEnabled":false},"in2DMode":false,"pivot":{"x":0.09820660948753357,"y":7.022619247436523,"z":-3.194035291671753},"rotation":{"x":0.13569223880767823,"y":0.30543777346611025,"z":-0.04402228817343712,"w":0.9414668083190918},"size":8.229154586791993,"orthographic":true}