{"cameraMode":{"drawMode":0,"name":"Shaded","section":"Shading Mode"},"sceneLighting":true,"audioPlay":false,"sceneViewState":{"m_AlwaysRefresh":false,"showFog":true,"showSkybox":true,"showFlares":true,"showImageEffects":true,"showParticleSystems":true,"showVisualEffectGraphs":true,"m_FxEnabled":true},"in2DMode":false,"pivot":{"x":1.4900381565093995,"y":4.766023635864258,"z":-1.8653204441070557},"rotation":{"x":-0.18131569027900697,"y":-0.30735838413238528,"z":0.059780851006507876,"w":-0.9322476387023926},"size":8.273908615112305,"orthographic":false}